{"cameraMode":{"drawMode":0,"name":"Shaded","section":"Shading Mode"},"sceneLighting":true,"audioPlay":false,"sceneViewState":{"m_AlwaysRefresh":false,"showFog":true,"showSkybox":true,"showFlares":true,"showImageEffects":true,"showParticleSystems":true,"showVisualEffectGraphs":true,"m_FxEnabled":true},"in2DMode":false,"pivot":{"x":0.00809798389673233,"y":0.1625414490699768,"z":-0.03553321957588196},"rotation":{"x":0.4470825791358948,"y":3.8423376480523078e-8,"z":-2.9851833005523079e-8,"w":0.8944944739341736},"size":0.34734395146369936,"orthographic":true}